Series Name,Series Code,Country Name,Country Code,1990 [YR1990],2000 [YR2000],2013 [YR2013],2014 [YR2014],2015 [YR2015],2016 [YR2016],2017 [YR2017],2018 [YR2018],2019 [YR2019],2020 [YR2020],2021 [YR2021],2022 [YR2022]
GDP per capita growth (annual %),NY.GDP.PCAP.KD.ZG,Afghanistan,AFG,..,..,2.00252214522922,-0.964803329240652,-1.66641641520391,-0.345802496981889,-0.253593781811986,-1.68857659267114,0.932833388709597,-5.3646659309623,-22.9291944307147,..
GDP per capita growth (annual %),NY.GDP.PCAP.KD.ZG,Albania,ALB,-11.187905298961,7.63002243937019,1.18723435286199,1.98538809180384,2.51682705417127,3.48029321671386,3.89811226746693,4.27631155105293,2.52354084280566,-2.74523867757104,9.92271370805365,6.2052753940383
GDP per capita growth (annual %),NY.GDP.PCAP.KD.ZG,Algeria,DZA,-1.68292794980542,2.35458026894383,0.797967812424986,1.76594123137923,1.6466572591571,1.16314757745835,-0.663171193402832,-0.707950481173555,-0.840856657898996,-6.72994165075228,1.70006376741448,1.43477676478558
GDP per capita growth (annual %),NY.GDP.PCAP.KD.ZG,American Samoa,ASM,..,..,-1.21950183979621,3.27902164193507,4.85444230115995,0.113644342114497,-5.13533988577697,4.87406112450759,1.83171396600592,7.64030127989335,0.648377683091113,..
GDP per capita growth (annual %),NY.GDP.PCAP.KD.ZG,Andorra,AND,0.0423206245897916,2.8360535398907,-4.02602703426984,2.14093898224779,1.25741601269149,2.57450458774666,-1.41657902035861,-0.00387029555736262,0.238296569502523,-12.7350775611172,6.45944053180018,7.73271565222045
GDP per capita growth (annual %),NY.GDP.PCAP.KD.ZG,Angola,AGO,-6.62640931330293,-0.234945632722756,1.10633103462652,1.03072911796671,-2.64297533030704,-6.01189077751143,-3.63069503801748,-4.67666958432599,-4.01711416103254,-8.67243212911843,-1.95459800636894,-0.096754729759283
GDP per capita growth (annual %),NY.GDP.PCAP.KD.ZG,Antigua and Barbuda,ATG,3.51271910693902,4.45731128602871,-1.52526342370192,2.93615252322574,3.01146145768065,4.77073712765603,2.51639084580945,6.23266748232506,3.7878874261186,-17.9891735594216,5.92050157978692,7.82947070619764
GDP per capita growth (annual %),NY.GDP.PCAP.KD.ZG,Argentina,ARG,-3.87738988305726,-1.90698749835167,1.26568517537076,-3.57858050983289,1.62966427946263,-3.11006389821465,1.75764818265694,-3.60160975657155,-2.96956249866219,-10.8126108522948,9.35717585932072,4.27316373772393
GDP per capita growth (annual %),NY.GDP.PCAP.KD.ZG,Armenia,ARM,..,7.15357818453764,3.76412964842652,4.01064593319273,3.60636907832207,0.646135942752821,8.02439704883481,5.76988214903176,8.20864949959488,-6.70404931756727,6.25422006660932,13.0254185175235
GDP per capita growth (annual %),NY.GDP.PCAP.KD.ZG,Aruba,ABW,2.19580450971051,4.91835385108675,5.63531750282364,-0.709567170830184,2.88516618544072,1.51593791406077,4.91713876742246,4.73833038397655,0.181216309197723,-18.6983243537002,17.2253004018797,..
GDP per capita growth (annual %),NY.GDP.PCAP.KD.ZG,Australia,AUS,2.05479381137212,2.71882936967131,0.828325557835214,1.06033708469104,0.693065822727618,1.13842433965326,0.604963407727865,1.34828275238704,0.665151144847243,-1.27835805936483,2.10571122890686,2.45750262798656
GDP per capita growth (annual %),NY.GDP.PCAP.KD.ZG,Austria,AUT,3.55354764697123,3.12743665014771,-0.562298942527448,-0.122370667337563,-0.111540189504495,0.892469139632297,1.55072408627153,1.92771305987296,1.06696970619677,-6.8415447032182,4.10231717627012,3.98986896327673
GDP per capita growth (annual %),NY.GDP.PCAP.KD.ZG,Azerbaijan,AZE,..,10.1910292674816,4.45002009882025,1.47593694077869,-0.103121364891479,-4.17717168005237,-0.778416126232784,0.624486167739661,1.63585048130741,-4.95270173869491,5.15150006870661,4.23336490798903
GDP per capita growth (annual %),NY.GDP.PCAP.KD.ZG,"Bahamas, The",BHS,-3.481588741184,2.62968206387389,-3.76728367121706,0.936220395362369,0.0796698475646167,-0.894538414381856,1.63401813906393,0.804149057055753,-1.39438749399304,-23.8683627668591,16.5731170485091,13.7892820433437
GDP per capita growth (annual %),NY.GDP.PCAP.KD.ZG,Bahrain,BHR,0.992712756857642,2.44215746058789,2.34759588274413,0.413894139030546,-1.35238152136513,0.0672330100929202,0.913957633052064,0.0167861091434816,1.69872414350014,-3.56559860535015,3.66632965640363,4.22210599747656
GDP per capita growth (annual %),NY.GDP.PCAP.KD.ZG,Bangladesh,BGD,3.40036959603947,3.30590093463195,4.6787219183048,4.74777922657421,5.29106080830215,5.80321039762626,5.26645511283064,6.08023776882422,6.68765439756285,2.27110927857356,5.71664908722495,5.95484484128914
GDP per capita growth (annual %),NY.GDP.PCAP.KD.ZG,Barbados,BRB,-3.34830700078626,4.25499451277366,-1.68518744158888,-0.31337748200211,2.25520692122292,2.32475680274587,0.262708847941795,-1.20442737607596,-0.306518356186047,-13.469455993221,-0.369230329510742,9.82909612197116
GDP per capita growth (annual %),NY.GDP.PCAP.KD.ZG,Belarus,BLR,..,6.29963644799003,1.04224341321498,1.66910513119089,-3.95734364341466,-2.61129931788116,2.64424708758548,3.37043437009008,1.65111819575279,-0.251386576093068,3.29082150587152,-3.72582682206358
GDP per capita growth (annual %),NY.GDP.PCAP.KD.ZG,Belgium,BEL,2.83026797508926,3.46545257130404,-0.0131483860964465,1.12859572471172,1.45189336758756,0.755268919102846,1.22886623616918,1.33065222724522,1.71037492726818,-5.76959243803681,5.78766073720394,2.57104071946614
GDP per capita growth (annual %),NY.GDP.PCAP.KD.ZG,Belize,BLZ,9.06668172195484,9.39899285981485,2.21570971318503,1.8304443236663,1.20302852831588,-1.91523472041482,-3.63114444833414,-0.84761704829117,2.61421723235857,-14.6804661413714,13.7492699717782,10.678690099346
GDP per capita growth (annual %),NY.GDP.PCAP.KD.ZG,Benin,BEN,5.71244559420417,2.68964737900177,4.12760623456288,3.29050499914023,-1.18168483600668,0.335852248057719,2.60355023305989,3.62426821593731,3.82450756460371,0.951937860885238,4.23870895916781,3.42067945548739
GDP per capita growth (annual %),NY.GDP.PCAP.KD.ZG,Bermuda,BMU,-0.798461538372536,8.34832420616188,-0.591137895206543,-3.90360610786885,0.622598426821042,0.39386919987983,4.71610220533942,-0.50289929998705,0.317253010947766,-6.81170948672607,3.22222215842916,3.30297220432685
GDP per capita growth (annual %),NY.GDP.PCAP.KD.ZG,Bhutan,BTN,7.5697856132185,0.50069300928601,1.0350103574233,4.70372952222841,5.64980627117775,7.19150866237752,3.77157124056157,2.24715498739612,5.01615334637737,-10.5976313937498,3.42091061353125,..
GDP per capita growth (annual %),NY.GDP.PCAP.KD.ZG,Bolivia,BOL,2.46741157451369,0.675361125043224,5.06979542446618,3.78318705934984,3.22053882341802,2.66307421352539,2.62330333561857,2.68479733919096,0.73769715524476,-9.95240484455535,4.8469724607495,1.85051010746211
GDP per capita growth (annual %),NY.GDP.PCAP.KD.ZG,Bosnia and Herzegovina,BIH,..,12.054882547569,3.95729612900774,2.47075227986109,5.69830351451964,4.5276131121432,4.47338640670523,5.04583814593265,4.09411575032696,-1.77870388670868,8.94999142884024,5.09905781105016
GDP per capita growth (annual %),NY.GDP.PCAP.KD.ZG,Botswana,BWA,3.6047556044134,-0.104457890944872,9.00566388932995,3.68166806802388,-6.69996519922597,5.04881975533218,1.97065891520498,2.08306406197613,1.04201878193793,-10.4033170601491,10.0542315352895,4.09834699841079
GDP per capita growth (annual %),NY.GDP.PCAP.KD.ZG,Brazil,BRA,-6.06555566873385,2.97091078107165,2.11425645194304,-0.354514802264433,-4.35831717939337,-4.05742300240568,0.523296588574212,0.978938492697395,0.448280407148658,-3.91800417154039,4.43535281911002,2.42870175959639
GDP per capita growth (annual %),NY.GDP.PCAP.KD.ZG,British Virgin Islands,VGB,..,..,..,..,..,..,..,..,..,..,..,..
GDP per capita growth (annual %),NY.GDP.PCAP.KD.ZG,Brunei Darussalam,BRN,-2.03942377394556,0.730069450995472,-3.33084483472304,-3.66751893243057,-1.52238423188406,-3.5211439819828,0.320205438773229,-0.868860056866723,2.9742261522544,0.291718917001631,-2.39682144248212,-2.42340769765842
GDP per capita growth (annual %),NY.GDP.PCAP.KD.ZG,Bulgaria,BGR,-7.4632076536532,5.10505561982659,-0.00242338038522405,1.54238792053928,4.09010768554509,3.76506855458946,3.51553833482474,3.42891056956151,4.77305607323567,-3.38040072418435,8.51524959390686,9.9584635133231
GDP per capita growth (annual %),NY.GDP.PCAP.KD.ZG,Burkina Faso,BFA,-3.17322794415276,-1.10685082808791,2.65729533056167,1.26399638537625,0.877785604827011,2.89349832690679,3.20325683612816,3.69351332759673,2.8687281522254,-0.773847473861267,4.11014034563209,-1.0855871860844
GDP per capita growth (annual %),NY.GDP.PCAP.KD.ZG,Burundi,BDI,1.42189606962945,-2.86056587976486,1.26359933436326,0.810602801312328,-5.9804956121318,-2.20613382981416,-1.77264648641454,-1.37713962186088,-1.45719303288658,-2.50846116846569,0.381166639765468,-0.824628147243629
GDP per capita growth (annual %),NY.GDP.PCAP.KD.ZG,Cabo Verde,CPV,-1.07909646125543,12.1340983835949,-0.500286991464364,-0.434814396432671,-0.177226393370418,3.11762874056225,3.33731043975473,2.57258284999952,6.54895782373268,-20.0798225543792,5.85102493713016,16.6774452348492
GDP per capita growth (annual %),NY.GDP.PCAP.KD.ZG,Cambodia,KHM,..,7.998303815391,5.83186052378777,5.6553768489954,5.53168468207193,5.51620623283642,5.60387545926014,6.16447598496683,5.84861969505499,-4.21365375468523,1.83295801608998,4.04096529989562
GDP per capita growth (annual %),NY.GDP.PCAP.KD.ZG,Cameroon,CMR,-8.90923918259573,1.13112675163163,2.08260983753709,2.5589026852743,2.39279741734246,1.45423267295178,0.648212633716412,1.1217952158362,0.643223200507023,-2.42243441821918,0.953583606597761,0.885522140064012
GDP per capita growth (annual %),NY.GDP.PCAP.KD.ZG,Canada,CAN,-1.33414395429551,4.20268257440837,1.25361381330025,1.84102612431141,-0.089285801148975,-0.135842621321913,1.81127891680259,1.33556428524561,0.435426335836112,-6.08821204931374,4.40927515325929,1.52799048000773
GDP per capita growth (annual %),NY.GDP.PCAP.KD.ZG,Cayman Islands,CYM,..,..,-1.07292761788629,0.33287094920928,0.550605614944004,1.01116428932517,1.03211439131128,2.17337122661354,1.95152494483449,-6.7674143458697,2.76907100455001,..
GDP per capita growth (annual %),NY.GDP.PCAP.KD.ZG,Central African Republic,CAF,-5.11220033298814,-5.18220026360443,-36.7776971639348,0.158111558752452,3.89115882835796,2.93809923935532,2.59092350135077,1.79222030531334,0.833009810869896,-1.62477557942373,-1.21027956389845,-2.186536142462
GDP per capita growth (annual %),NY.GDP.PCAP.KD.ZG,Chad,TCD,-6.75116852538437,-4.20701536982699,2.00631391848307,3.15098859041785,-0.453003769060317,-9.16122585564682,-6.16090513543264,-1.02652688805676,-0.0989585609599004,-4.66133902000324,-4.27697878343668,-0.899603180557335
GDP per capita growth (annual %),NY.GDP.PCAP.KD.ZG,Channel Islands,CHI,..,..,..,..,..,..,1.04405467788877,-0.182625836787622,0.0385909182321029,-8.88105521323986,7.65897457486551,..
GDP per capita growth (annual %),NY.GDP.PCAP.KD.ZG,Chile,CHL,1.6743185217414,3.77235697726417,2.31640012009385,0.772927818124586,1.10575838220048,0.550297854884562,-0.213266446651744,2.1390781835667,-1.04550574115309,-7.4136269460453,10.6318812179678,1.86272341487353
GDP per capita growth (annual %),NY.GDP.PCAP.KD.ZG,China,CHN,2.40655857199583,7.63859767603294,7.05073413381821,6.75076031594273,6.42073647723056,6.23821544775225,6.30186310052261,6.25170055569883,5.57531686303849,1.99555804186929,8.35072971470412,3.00429676323482
GDP per capita growth (annual %),NY.GDP.PCAP.KD.ZG,Colombia,COL,2.11239850086568,1.27108262785821,4.09826590865887,3.51395347912819,1.9906164936335,1.0022727252119,-0.161953874918439,0.638439615993107,1.31495237842461,-8.60581152678888,9.75360148852955,6.75502632648826
GDP per capita growth (annual %),NY.GDP.PCAP.KD.ZG,Comoros,COM,2.27942015842201,8.71768983840167,2.2496407571649,-0.0678947856451515,-1.01406895756402,1.10293207341641,1.7123618329055,1.68672159754276,-0.126909212225328,-2.07486139638723,0.190939004401898,0.534046630795132
GDP per capita growth (annual %),NY.GDP.PCAP.KD.ZG,"Congo, Dem. Rep.",COD,-9.58421338945476,-9.57069432425411,4.84597948310662,5.76218155230173,3.35308434848061,-1.08899602117056,0.216643089296454,2.41383997514191,1.11096628045726,-1.49268943048031,2.83237932472882,5.49632855335163
GDP per capita growth (annual %),NY.GDP.PCAP.KD.ZG,"Congo, Rep.",COG,-1.8053791988368,3.54720581589751,-3.07344321045898,4.19608784237961,-5.82689259849228,-12.8892518666135,-6.64170905720864,-7.05742027812481,-2.41258230897023,-8.40060015204649,-4.43948919173256,-0.741697272486661
GDP per capita growth (annual %),NY.GDP.PCAP.KD.ZG,Costa Rica,CRI,0.954542164963982,1.83887356325596,1.31951278728171,2.41456400871552,2.57317861066939,3.15151338793582,3.14326598621662,1.66130830993416,1.53529056646803,-4.99410158401747,7.13561306463883,3.76400500893411
GDP per capita growth (annual %),NY.GDP.PCAP.KD.ZG,Cote d'Ivoire,CIV,-4.81271509640771,-2.95971089931733,8.4998030332206,6.86886132528829,4.46388996246519,4.44236105899517,4.66846126117883,2.18660849615524,3.85584194134769,-0.782841474086808,4.40481596430489,4.15512756791803
GDP per capita growth (annual %),NY.GDP.PCAP.KD.ZG,Croatia,HRV,..,3.97944542902462,-0.120039935939417,-0.022939169240999,3.37066856048678,4.28513230608922,4.66153161223839,3.72330243717703,3.99570051617233,-8.18344464172122,17.9891988700835,7.02108289919823
GDP per capita growth (annual %),NY.GDP.PCAP.KD.ZG,Cuba,CUB,-3.85721547633094,5.57432164122072,2.63607524929792,0.954420824338413,4.36567926239748,0.494991592951592,1.85940928423317,2.3221413989682,-0.0629731044584929,-10.8222657978536,1.65281715243313,..
GDP per capita growth (annual %),NY.GDP.PCAP.KD.ZG,Curacao,CUW,..,..,-1.92981358719987,-2.52388164399206,-1.0237908333789,-1.91851474380394,-2.04572548878107,-1.65173119081442,-2.20875753020357,-17.1256716583123,5.99595980839447,..
GDP per capita growth (annual %),NY.GDP.PCAP.KD.ZG,Cyprus,CYP,5.13997141615243,4.84415598419497,-6.37007736140256,-0.688984537939561,4.00942677175865,6.08587206849762,4.75451950432084,4.36695117286521,4.10745981071929,-5.45031779372218,5.64995024883682,4.61901563575566
GDP per capita growth (annual %),NY.GDP.PCAP.KD.ZG,Czechia,CZE,..,4.29307146515178,-0.079052895284633,2.15450047888164,5.18140265379816,2.34055226080498,4.88972204225595,2.87546852691743,2.62495626738699,-5.73252689432169,5.44606489946646,2.26330906862987
GDP per capita growth (annual %),NY.GDP.PCAP.KD.ZG,Denmark,DNK,1.31052516322782,3.40068454610739,0.513424427502201,1.10543346611018,1.62216625804921,2.44336887407066,2.16235511316152,1.4850851572351,1.13065749415978,-2.28001526350688,4.40223118214453,3.0046512100832
GDP per capita growth (annual %),NY.GDP.PCAP.KD.ZG,Djibouti,DJI,..,..,..,5.18526260113907,5.69115554959427,5.34352222970122,3.73748206795388,3.09308757962641,3.89452918731618,-0.298338539372381,3.34007997778497,1.59474737453485
GDP per capita growth (annual %),NY.GDP.PCAP.KD.ZG,Dominica,DMA,6.16749039391011,2.86729855284918,-0.900680192975955,3.92023812114483,-3.61516846835069,2.66392728155824,-7.05404668684338,2.93351857168791,4.60887025308973,-17.2616934692792,6.27601936250122,5.46557700081291
GDP per capita growth (annual %),NY.GDP.PCAP.KD.ZG,Dominican Republic,DOM,-7.42998327819636,3.07584227693847,3.57246478499704,5.74838146329969,5.65574224309763,5.42560152292837,3.49047723780494,5.80704982687432,3.92893172690793,-7.71905867915002,11.0782763219647,3.82225610261922
GDP per capita growth (annual %),NY.GDP.PCAP.KD.ZG,Ecuador,ECU,1.30216416418996,-0.62524091265476,3.3505462425089,2.2604243692314,-1.37151925896104,-2.6904994760865,0.790527393070477,-0.608002128663117,-1.87968820683531,-9.07131766962168,3.01037816290692,1.78520810472045
GDP per capita growth (annual %),NY.GDP.PCAP.KD.ZG,"Egypt, Arab Rep.",EGY,2.99133208157633,4.18886598427602,-0.153662237734494,0.53182406954582,2.09553830616973,2.19220862672367,2.12874338092026,3.34981502229806,3.67537083093788,1.77096873118488,1.59181628823586,4.92845618453779
GDP per capita growth (annual %),NY.GDP.PCAP.KD.ZG,El Salvador,SLV,2.95089341881634,0.540163417461017,1.83312063233876,1.31749917035842,2.04601635573663,2.22008531516545,1.98421127831776,2.25436301028891,2.3924287346815,-8.06158085724454,10.8005814398633,2.24036787560505
GDP per capita growth (annual %),NY.GDP.PCAP.KD.ZG,Equatorial Guinea,GNQ,-5.3731729785259,13.0453344731756,-8.01005395458195,-3.55770729674903,-12.6046850421249,-12.2028354363772,-9.0336974373561,-9.44484525853233,-8.58205700032325,-6.82244215429829,-3.27359361315816,0.655260082489264
GDP per capita growth (annual %),NY.GDP.PCAP.KD.ZG,Eritrea,ERI,..,-4.61549158904921,..,..,..,..,..,..,..,..,..,..
GDP per capita growth (annual %),NY.GDP.PCAP.KD.ZG,Estonia,EST,..,9.55641846932483,1.82015416069549,3.28187481366284,1.78627469426176,3.12553830458751,5.66403908236126,3.42361905839128,3.35497243936102,-0.747277944180098,7.89903259794904,-2.30304182598046
GDP per capita growth (annual %),NY.GDP.PCAP.KD.ZG,Eswatini,SWZ,17.0418877260662,0.562746630940353,3.22271454579,0.246802469436361,1.49985760265459,0.302953769282354,1.2409471862878,1.58270752655569,1.88572413899671,-2.48029970534307,6.83222616296912,3.10176145251131
GDP per capita growth (annual %),NY.GDP.PCAP.KD.ZG,Ethiopia,ETH,-0.882676687132843,2.98069409750323,7.58309892413058,7.31454492337771,7.45669509715687,6.50121149670628,6.62278907050467,3.99844025588089,5.52381056763929,3.28084798420211,2.92580454540466,2.67358407517196
GDP per capita growth (annual %),NY.GDP.PCAP.KD.ZG,Faroe Islands,FRO,..,..,5.79620984405204,5.33045567549763,0.250331564896427,0.0677860588288013,2.00991729188166,1.26986291372808,3.47850236596894,-3.99228211671443,4.68820641481931,..
GDP per capita growth (annual %),NY.GDP.PCAP.KD.ZG,Fiji,FJI,4.75261753344111,-2.77296232923001,4.45972948136782,5.36048652723049,4.3143469773691,2.31502500392521,5.27907993633569,3.81494936623174,-0.52446930269538,-17.1767088877415,-5.54140221290679,15.4808828290272
GDP per capita growth (annual %),NY.GDP.PCAP.KD.ZG,Finland,FIN,0.224909953309819,5.55399785284234,-1.35721561109078,-0.776108383146138,0.213029419665261,2.5163798952421,2.95053137282473,1.00565417029748,1.11326909206437,-2.49512296758466,2.83309990234673,1.79236079502128
GDP per capita growth (annual %),NY.GDP.PCAP.KD.ZG,France,FRA,2.43024696521512,3.21238484755931,0.0581495050462166,0.484564448270447,0.754024352327519,0.829056664516742,1.99499844733441,1.50053912327405,1.49589898756051,-8.0344742951426,6.53511998290108,2.28154729094636
GDP per capita growth (annual %),NY.GDP.PCAP.KD.ZG,French Polynesia,PYF,-2.01322615570059,1.55597281942515,-0.105925367566101,-0.0453209640432988,1.13555371531102,1.69091035628163,3.61876449039636,1.00006261501011,1.96714222873172,-7.67857845426289,1.68865252599963,..
GDP per capita growth (annual %),NY.GDP.PCAP.KD.ZG,Gabon,GAB,2.35448195283419,-4.36268695523565,2.00003924508228,0.887273108026633,0.721232639266972,-0.731650626043063,-2.06281675404621,-1.54487218362715,1.56821091959847,-3.96955863426069,-0.638652872887107,0.974772836672827
GDP per capita growth (annual %),NY.GDP.PCAP.KD.ZG,"Gambia, The",GMB,-0.50976960963574,2.48810279380524,-0.218687977646155,-4.29667510195249,1.09705048941071,-0.875473406735992,2.00630767513326,4.43949429425278,3.51379371760613,-1.95308366905797,1.66189201432788,2.36165777021206
GDP per capita growth (annual %),NY.GDP.PCAP.KD.ZG,Georgia,GEO,-14.7651573236061,3.83810006924914,3.93364640763909,4.38290147136355,2.86009424289855,2.84490205450567,4.82856985509574,4.88385492937473,5.16261881694761,-6.82443263205032,10.8857018598595,9.99328750362798
GDP per capita growth (annual %),NY.GDP.PCAP.KD.ZG,Germany,DEU,4.35163905422439,2.77322125091402,0.163870562978019,1.7843418861469,0.617105353219898,1.40810207548923,2.29720604740949,0.678212594110718,0.828957962184475,-3.77542971403229,2.58355747499036,0.715380074484287
GDP per capita growth (annual %),NY.GDP.PCAP.KD.ZG,Ghana,GHA,0.689672245346642,1.12293234445129,4.71277222596768,0.40940094711712,-0.265332917264004,0.983231574681142,5.73907811296539,3.96954738010722,4.30597775008748,-1.5416365263868,3.26228199645995,1.25718842184908
GDP per capita growth (annual %),NY.GDP.PCAP.KD.ZG,Gibraltar,GIB,..,..,..,..,..,..,..,..,..,..,..,..
GDP per capita growth (annual %),NY.GDP.PCAP.KD.ZG,Greece,GRC,-1.05223289834684,3.49556356069931,-1.80655137341328,1.14721195681824,0.463652786270188,-0.0724245841387301,1.29229029026882,1.87490316346144,1.99172267897372,-8.80856383527522,9.0191093895881,6.66236412410011
GDP per capita growth (annual %),NY.GDP.PCAP.KD.ZG,Greenland,GRL,-12.1958664392799,6.91102464537168,-0.726861643140481,5.09192733313645,-2.2149188822392,4.54780858066064,0.0776647739674274,0.89068474112419,2.46273159433217,-0.0647842810666504,0.778869513715492,..
GDP per capita growth (annual %),NY.GDP.PCAP.KD.ZG,Grenada,GRD,4.19848559719249,4.29337358587702,1.44700904973185,6.40766187355115,5.54341792813746,2.88696863002274,3.61384842471548,3.57597575337994,-0.0503174827996276,-14.4114869434991,3.89188357961443,5.101628779715
GDP per capita growth (annual %),NY.GDP.PCAP.KD.ZG,Guam,GUM,..,..,1.28743057544523,1.49595325425531,0.564587367873969,-0.0370116024855349,0.734521661801594,-0.834568542066606,2.6281363284828,-11.710000845094,0.285940325182395,..
GDP per capita growth (annual %),NY.GDP.PCAP.KD.ZG,Guatemala,GTM,0.32144959608857,1.11752913241804,1.88864258053816,2.65391190936224,2.34629514622338,0.989365749396498,1.41564884120322,1.76513639905617,2.40741472209567,-3.27332196778804,6.41540555186262,2.62958319708591
GDP per capita growth (annual %),NY.GDP.PCAP.KD.ZG,Guinea,GIN,0.745224866297846,0.510408914359232,1.43775526612953,1.1535395023724,1.21255318824562,7.98776380544449,7.50840564634818,3.69780652670724,2.97045089569896,2.31724101199633,1.39114155093898,2.22640154391178
GDP per capita growth (annual %),NY.GDP.PCAP.KD.ZG,Guinea-Bissau,GNB,4.43126029039014,3.3391741443949,0.516852763287972,-1.67383641760537,3.42810490470696,3.61960413156773,3.36820392808994,-1.09077789785651,2.08687501613241,-4.59671995748523,1.53870965479734,1.29567332257136
GDP per capita growth (annual %),NY.GDP.PCAP.KD.ZG,Guyana,GUY,-2.31744468211397,-1.49855866264538,3.17449804425213,1.18579824335406,0.165301151500259,3.2532460277142,3.16830457370034,1.48108436526509,3.6064512807903,43.7587032467243,18.9609825500705,56.9887076769388
GDP per capita growth (annual %),NY.GDP.PCAP.KD.ZG,Haiti,HTI,-1.02149742352819,-0.955253581437972,2.77263207563672,1.39145795104767,-0.0495906879955896,0.386161159380748,1.09773286156684,0.293353843250884,-3.02650931236792,-4.55718543960595,-3.00580329140145,-2.84828131274783
GDP per capita growth (annual %),NY.GDP.PCAP.KD.ZG,Honduras,HND,-0.0471084830697635,4.40041232348534,0.861032610676844,1.17043067945457,1.97813209013502,2.06683934614527,3.03458083540451,2.08461858788954,0.942197107044706,-10.430190244419,10.8197330689822,2.45769688158346
GDP per capita growth (annual %),NY.GDP.PCAP.KD.ZG,"Hong Kong SAR, China",HKG,3.49745006035332,6.71848397093488,2.68793461248113,2.04313992887974,1.52002254389394,1.54453459062725,3.00147302092924,2.02719224044716,-2.39667072539321,-6.20875514477821,7.41667263929604,-2.59598711178623
GDP per capita growth (annual %),NY.GDP.PCAP.KD.ZG,Hungary,HUN,..,4.75094782312509,2.0832407689698,4.51336776781454,3.95428261265434,2.50305336152638,4.54956329828929,5.49601879186557,4.91169352525995,-4.33001656693753,7.64446029043326,4.86286381096399
GDP per capita growth (annual %),NY.GDP.PCAP.KD.ZG,Iceland,ISL,..,3.55739104440454,3.56817578247606,0.562209388696957,3.35414533328364,4.83829921427557,1.7794101347671,2.11737323957688,-0.409031963961425,-8.73526415034387,2.63698996444681,3.83013837990602
GDP per capita growth (annual %),NY.GDP.PCAP.KD.ZG,India,IND,3.2978540660614,1.96595243736218,5.01461186440864,6.0861802271277,6.72106763067042,6.9809897013302,5.56833351357233,5.30240867857405,2.8118731022506,-6.72629208017965,8.18436771562176,6.27740381398618
GDP per capita growth (annual %),NY.GDP.PCAP.KD.ZG,Indonesia,IDN,5.33442787463557,3.41271420297167,4.28477845676873,3.79614076779593,3.71774546908827,3.92669809073649,4.0176256075747,4.16298429125608,4.03913565656795,-2.88509409342301,2.98510862701504,4.64037680217875
GDP per capita growth (annual %),NY.GDP.PCAP.KD.ZG,"Iran, Islamic Rep.",IRN,9.21981504385518,4.11820328511676,-2.94592231053079,3.01176428733751,-3.62941716371441,6.83567535277678,1.30070500404484,-3.52394425096362,-3.7227071496431,2.47089226742992,3.96556869056239,2.02147001688328
GDP per capita growth (annual %),NY.GDP.PCAP.KD.ZG,Iraq,IRQ,55.8892445741362,13.085222917312,2.72258015575287,-3.2514207204341,1.91791208865786,11.0230161898181,-4.10746396999446,0.182367803474691,3.04417477417292,-14.0902346477738,-0.695471073998888,4.69395636247876
GDP per capita growth (annual %),NY.GDP.PCAP.KD.ZG,Ireland,IRL,8.37500627668175,7.95480644953508,0.594605554054866,7.85801820816963,23.2008710727033,0.861643052081121,7.8250642589415,7.19131450576147,4.00871470995814,5.0973854012496,12.5098824583638,10.784883435555
GDP per capita growth (annual %),NY.GDP.PCAP.KD.ZG,Isle of Man,IMN,2.48494605260277,4.05416100563947,4.38197483389733,5.46587490612802,-0.0247262720913284,7.1355760970366,2.67780889838333,1.97547948504466,0.0661597347161518,-8.95880192149556,..,..
GDP per capita growth (annual %),NY.GDP.PCAP.KD.ZG,Israel,ISR,..,5.83779433480274,2.48512008275496,1.94337709417314,0.475269154590265,2.49264371119004,2.27442977959885,2.08447062883643,2.18667357283937,-3.57303741945609,6.87692635751118,4.39236075225769
GDP per capita growth (annual %),NY.GDP.PCAP.KD.ZG,Italy,ITA,1.90043982743266,3.73994653301939,-2.97240379999698,-0.917813879753353,0.875477401786128,1.46569044434084,1.82033385192226,1.11781661979235,1.64850339347826,-8.53468634469738,7.58257799694333,4.12002034703882
GDP per capita growth (annual %),NY.GDP.PCAP.KD.ZG,Jamaica,JAM,3.38745877873892,0.263360853827237,0.0351655688553478,0.277089053422102,0.563876019949532,1.07681542813329,0.792818276894394,1.76458302430416,0.822801591466416,-10.1128523036864,4.33148044608771,4.21171955490902
GDP per capita growth (annual %),NY.GDP.PCAP.KD.ZG,Japan,JPN,4.49366120419509,2.59289108650813,2.15237106564643,0.429381122520397,1.66846511711745,0.805362824616168,1.75861180161444,0.771168471432333,-0.262170828589063,-3.99658184852701,2.61337630961411,1.47803898559201
GDP per capita growth (annual %),NY.GDP.PCAP.KD.ZG,Jordan,JOR,-5.13614661594539,2.07264711116706,-3.83017927279116,-8.11747948829742,-6.53100718046935,-2.82074528696681,-0.041500684924813,-0.463136173887264,-0.520070441401259,-3.67771235439474,0.209793736104814,1.25412745328988
GDP per capita growth (annual %),NY.GDP.PCAP.KD.ZG,Kazakhstan,KAZ,..,10.1301164939223,4.48511703481149,2.67672092464575,-0.268267117815142,-0.327514633495582,2.69343213409591,2.74053637969105,3.16101154004124,-3.757983454457,2.95338136116814,-0.0660095940390022
GDP per capita growth (annual %),NY.GDP.PCAP.KD.ZG,Kenya,KEN,0.708229893930422,-2.29089371405009,1.32629250659764,2.63818992950348,2.68331742509996,1.94366814420279,1.60314661619574,3.52208443515578,3.05495784951917,-2.25697950274444,5.52043630422037,2.86357121077884
GDP per capita growth (annual %),NY.GDP.PCAP.KD.ZG,Kiribati,KIR,-3.0969782134118,4.41150395154573,2.60527768703764,-2.536170435011,8.24412516251402,-1.99479304924535,-1.35302964447919,3.48097512698243,-3.7213810908485,-3.38537208031016,5.84720586765961,-0.262393128200458
GDP per capita growth (annual %),NY.GDP.PCAP.KD.ZG,"Korea, Dem. People's Rep.",PRK,..,..,..,..,..,..,..,..,..,..,..,..
GDP per capita growth (annual %),NY.GDP.PCAP.KD.ZG,"Korea, Rep.",KOR,8.80042947047626,8.15268965958531,2.69615096128955,2.55621950883497,2.26842940068582,2.5391447288435,2.87019696151147,2.46224621613314,1.8889146004307,-0.846212237799236,4.32920746061889,2.79248208701075
GDP per capita growth (annual %),NY.GDP.PCAP.KD.ZG,Kosovo,XKX,..,..,4.70293562396171,3.65358782087061,7.37186722717121,6.20362255572238,4.03870892350164,3.05666474089918,5.23743315853207,-5.40663794378634,10.999527413316,4.9247533867139
GDP per capita growth (annual %),NY.GDP.PCAP.KD.ZG,Kuwait,KWT,..,1.58475020579118,-5.83680440639837,-2.57342201284693,-3.19417441775387,-0.617015960146404,-6.4866737410414,-2.12827593203232,-3.32674574935527,-7.1693568493853,3.93794311309208,7.70238294985641
GDP per capita growth (annual %),NY.GDP.PCAP.KD.ZG,Kyrgyz Republic,KGZ,3.68801159071612,4.19482415463276,8.73578927271694,1.95799697094444,1.75886440985292,2.23180526571734,2.73409189148251,1.7132091060235,2.43933520707868,-10.1204455334221,4.39230761367301,5.26821057703893
GDP per capita growth (annual %),NY.GDP.PCAP.KD.ZG,Lao PDR,LAO,3.71421416077379,4.02996036782766,6.52164665614056,6.15313305385973,5.7534110046946,5.40858640462754,5.26492843977357,4.64655561898404,3.89244790332448,-0.970941437057107,1.0693803143312,1.28309029372006
GDP per capita growth (annual %),NY.GDP.PCAP.KD.ZG,Latvia,LVA,..,6.6993125562973,3.10637939631,2.86636259407609,4.73918260611251,3.30843439755775,4.23211616536913,4.8052596330477,3.28529326138734,-1.51481139773969,4.94529307132363,2.03634142741531
GDP per capita growth (annual %),NY.GDP.PCAP.KD.ZG,Lebanon,LBN,24.131927811189,-0.314587225723855,-5.32315093874965,-7.24259098178163,-1.4938476120184,3.83144722478541,3.37003795257145,0.727150841891671,-4.19522551235833,-19.7484284750453,-5.83236677671033,..
GDP per capita growth (annual %),NY.GDP.PCAP.KD.ZG,Lesotho,LSO,4.16471039761808,3.64753961738886,0.849131350980329,0.676420156516315,1.99435847007987,2.38028003303062,-4.33164641637042,-2.70875452075484,-1.99859716118449,-6.80844470922412,0.340031450230541,-0.471270300233286
GDP per capita growth (annual %),NY.GDP.PCAP.KD.ZG,Liberia,LBR,..,..,6.34104074543606,-1.35044826965598,-2.03302983943588,-3.51645550978633,0.521366331956784,-0.761554820351506,-4.34345588640666,-4.93320227308388,2.84728210314857,2.64847788847094
GDP per capita growth (annual %),NY.GDP.PCAP.KD.ZG,Libya,LBY,..,1.73247452682546,-19.5783572081482,-24.4631614706626,-2.35543692358982,-2.90159010786198,30.4963013785997,6.28283689566369,-12.4298672891634,-30.6825332120158,29.7860649433074,-2.35422977770821
GDP per capita growth (annual %),NY.GDP.PCAP.KD.ZG,Liechtenstein,LIE,0.802526058390612,1.93564456435379,..,..,..,..,..,..,..,..,..,..
GDP per capita growth (annual %),NY.GDP.PCAP.KD.ZG,Lithuania,LTU,..,4.42747584792048,4.6033277290029,4.43108765446387,2.98891297061452,3.82984126408542,5.75104655735379,4.99035385554106,4.90241721274171,-0.0488310107581214,5.75555488865511,0.731136945613528
GDP per capita growth (annual %),NY.GDP.PCAP.KD.ZG,Luxembourg,LUX,4.00981020850895,5.51040939515839,0.814652308537674,0.232564441498198,-0.115476305532894,2.73979180152419,-1.11611296239622,-0.714325922150593,0.331126120618961,-2.43680926931705,3.51868697531805,-0.122505705380476
GDP per capita growth (annual %),NY.GDP.PCAP.KD.ZG,"Macao SAR, China",MAC,4.00517382909857,4.18506895783108,8.77287799693643,-3.79821439690497,-22.9268523102564,-2.49356093504875,7.93023236900549,4.43968499028399,-4.37193673589049,-55.0905726689686,17.4737261457022,-27.6633563794993
GDP per capita growth (annual %),NY.GDP.PCAP.KD.ZG,Madagascar,MDG,0.12577423312969,1.32925274442537,-0.396484586191931,0.659691221714809,0.497287783718534,1.3383460279627,1.28190543842915,0.59206685062874,1.80753212621842,-9.41452977260271,3.21466266403831,1.35634307273919
GDP per capita growth (annual %),NY.GDP.PCAP.KD.ZG,Malawi,MWI,1.65091809580153,-0.734438442703805,2.49286628611216,2.72027421715275,0.00240303205951875,-0.248244189153354,1.23415859863351,1.62549553666524,2.65676906844917,-1.8515997803496,0.102866904343713,-1.62656578363006
GDP per capita growth (annual %),NY.GDP.PCAP.KD.ZG,Malaysia,MYS,5.91625281875723,6.12379809146435,3.04489440326752,4.37313596233982,3.52753443643488,2.93376225389829,4.32563033470905,3.47276670505505,3.12489613274091,-6.66111665077233,1.94412111048028,7.52744474181442
GDP per capita growth (annual %),NY.GDP.PCAP.KD.ZG,Maldives,MDV,..,2.22989934387169,3.75017500336179,3.20629855989816,-1.56640773693456,1.96773964175567,3.08210551432366,4.30030191979536,3.96632116902073,-34.7765589179835,39.8371601779231,11.7999364543372
GDP per capita growth (annual %),NY.GDP.PCAP.KD.ZG,Mali,MLI,-4.36518797487174,-2.92505022967933,-0.648802878305304,3.74263870957725,2.88286060712548,2.52844829516809,1.97229511633348,1.47317672512852,1.53145706904149,-4.29096596011043,-0.150902080045483,0.527298958591743
GDP per capita growth (annual %),NY.GDP.PCAP.KD.ZG,Malta,MLT,5.25659773465001,18.9120097847943,4.00251092407102,5.50526499091015,7.02341134136087,1.04198850127433,7.92867979878574,2.49782357156437,2.88354821030686,-10.6110802589372,11.1150617121372,5.85459771591894
GDP per capita growth (annual %),NY.GDP.PCAP.KD.ZG,Marshall Islands,MHL,0.314873410711897,0.625101334163418,5.39785307525109,0.709840088843677,4.19631618999699,4.29794263761897,5.91311534606054,6.90824247235244,13.9640627353503,1.13166736109294,4.39230910482011,2.67446598388194
GDP per capita growth (annual %),NY.GDP.PCAP.KD.ZG,Mauritania,MRT,-4.26797406751385,-6.5702419319765,1.17773819781996,1.55574226843032,2.62469075992307,-1.37989303760975,3.50841556857793,2.0564753419184,2.57917476668513,-3.46547797671441,-0.137867842228914,2.50866048789953
GDP per capita growth (annual %),NY.GDP.PCAP.KD.ZG,Mauritius,MUS,6.4259440372149,7.14471594691584,3.11040555437714,3.63919007388208,3.55335696562737,3.79113070734437,3.84430800639895,3.9500354872734,2.85812532389771,-14.5993542738002,3.37325128946304,9.01882450659544
GDP per capita growth (annual %),NY.GDP.PCAP.KD.ZG,Mexico,MEX,3.29445342463697,3.29269240921286,0.0278491497182358,1.58082066291567,2.09471782379221,1.47405322706069,1.01581618490397,1.22705012273423,-1.05391817559632,-8.65463726096949,4.1363722123716,2.41655401027934
GDP per capita growth (annual %),NY.GDP.PCAP.KD.ZG,"Micronesia, Fed. Sts.",FSM,1.83976913483599,4.67436638413858,-4.01411142287299,-2.67764893895431,4.20325118906544,0.475192619993422,2.2126169514106,-0.239135779985418,0.766026841647061,-2.4024599418638,-4.06533058093541,-1.51880729414472
GDP per capita growth (annual %),NY.GDP.PCAP.KD.ZG,Moldova,MDA,..,2.31558557028906,9.07307556179488,5.0636658223179,0.429158858350689,5.87017576429136,5.99041199822246,5.92036718190722,5.22280984962049,-7.26326976771907,14.7982850803825,-5.12370982372943
GDP per capita growth (annual %),NY.GDP.PCAP.KD.ZG,Monaco,MCO,1.79398643349555,3.68298056185719,7.33235592887209,5.15582802224228,3.00924966444114,2.58366422554236,-3.43062684564185,5.99919202321138,6.89123204361906,-12.7011212483661,22.3355113151992,..
GDP per capita growth (annual %),NY.GDP.PCAP.KD.ZG,Mongolia,MNG,-5.00338560461574,0.21791216782357,9.57679234639124,5.74188399855421,0.241383711192753,-0.681209926123302,3.36874224428585,5.43057257321958,3.36636842493083,-6.35124060282349,0.0141488605379863,3.2852977742678
GDP per capita growth (annual %),NY.GDP.PCAP.KD.ZG,Montenegro,MNE,..,3.27911916013552,3.44796578700294,1.68499387988115,3.33238457780671,2.92545800874741,4.70468752737763,5.10254439807166,4.09623694324546,-15.2084745840286,13.4259284810017,6.61928715077057
GDP per capita growth (annual %),NY.GDP.PCAP.KD.ZG,Morocco,MAR,1.6214025232801,1.19245094050264,2.69963463575493,1.35761320273673,3.0224298760333,-0.722002650636625,3.79227702365303,1.89944589579329,1.80265718208821,-8.17274144810004,6.79037738085751,0.0387332763623078
GDP per capita growth (annual %),NY.GDP.PCAP.KD.ZG,Mozambique,MOZ,-0.638780468752614,-1.27175984777314,3.72687728518648,4.15258589495859,3.52458365397493,0.625697474670432,0.57146993281323,0.439918718393358,-0.596713502768452,-4.02726874867511,-0.539800270619168,1.32923968261851
GDP per capita growth (annual %),NY.GDP.PCAP.KD.ZG,Myanmar,MMR,1.67717774603464,11.1920231905546,6.98230163132345,7.30118117567915,2.45178052054527,9.63806918467426,4.9491941965002,5.64193710339565,5.99733705000018,2.43413108735948,-18.4849593721899,2.27792031161836
GDP per capita growth (annual %),NY.GDP.PCAP.KD.ZG,Namibia,NAM,-3.98596379080981,1.16740228237646,3.84018958420569,4.27191936736793,2.45071097789892,-1.71633797777358,-2.75101363036156,-0.66855426548112,-2.49939821462576,-9.66882123992542,1.84491721468065,3.05886078572098
GDP per capita growth (annual %),NY.GDP.PCAP.KD.ZG,Nauru,NRU,..,..,2.10143325909175,12.6265797631349,-7.72682416646285,5.62035498819623,-8.44279264712409,5.73051770121663,6.4008445327695,2.68832965172689,1.63446411060706,1.09358567312019
GDP per capita growth (annual %),NY.GDP.PCAP.KD.ZG,Nepal,NPL,2.12029486150485,4.39965280089368,3.33285610319795,5.70053323795099,3.4178843049381,-0.471182005325218,7.73126907501218,6.40186328661876,5.45191654079622,-4.08656858925306,2.44237973151284,3.84099476841899
GDP per capita growth (annual %),NY.GDP.PCAP.KD.ZG,Netherlands,NLD,3.46827772475396,3.45353825605781,-0.42417869353261,1.05910125427069,1.50826618391271,1.64931554652068,2.30428473259315,1.76493726416223,1.28988912106223,-4.41855550924734,4.31570449450686,3.47468035092203
GDP per capita growth (annual %),NY.GDP.PCAP.KD.ZG,New Caledonia,NCL,1.17457101710015,0.17714284157276,..,..,..,..,..,3.86193162960504,-1.42544609939537,-2.8370256184394,-2.88416951867761,..
GDP per capita growth (annual %),NY.GDP.PCAP.KD.ZG,New Zealand,NZL,-0.767240908207995,2.26868043761239,1.97835442716993,2.1007679215578,1.64567824975315,1.49632454697158,1.38450151633268,1.68730805478904,0.828804838155989,-2.82032250102206,4.73165407278768,1.90378533392268
GDP per capita growth (annual %),NY.GDP.PCAP.KD.ZG,Nicaragua,NIC,-2.37808014922447,2.61127280795196,3.40465069150856,3.27872206107587,3.2959918748404,3.07902973206173,3.15737427979015,-4.71153989606597,-4.23256545668312,-3.10355801687588,8.82237807568428,2.29000870636821
GDP per capita growth (annual %),NY.GDP.PCAP.KD.ZG,Niger,NER,-4.30994206129168,-4.53360569932079,1.36978213013528,2.6850897800347,0.471154424128144,1.72985153319473,1.05894516601739,3.22603030698782,2.02640298596314,-0.238156789192942,-2.30289627206129,7.4359393376169
GDP per capita growth (annual %),NY.GDP.PCAP.KD.ZG,Nigeria,NGA,8.87700003585374,2.3177748986686,3.83236618046688,3.55216229938173,0.0769616167127936,-4.05270636263391,-1.70987309182161,-0.590389271670531,-0.263456378233769,-4.16205929039309,1.18282822285458,0.823296498084318
GDP per capita growth (annual %),NY.GDP.PCAP.KD.ZG,North Macedonia,MKD,..,4.07405080631071,2.77625771203245,3.45674839564703,3.71765660257569,2.73585322254593,0.98373642544189,2.79561511891441,3.88655214622943,-5.92229586311112,5.88607665049111,2.51465029716564
GDP per capita growth (annual %),NY.GDP.PCAP.KD.ZG,Northern Mariana Islands,MNP,..,..,3.11027126743821,4.75010432585759,4.06981852659369,30.1749009860797,24.1516494389845,-18.5867821588383,-10.527482957259,-29.2965469244041,..,..
GDP per capita growth (annual %),NY.GDP.PCAP.KD.ZG,Norway,NOR,1.5820928592686,2.65053090696199,-0.197883222310097,0.903762650173263,0.848799124216399,0.277407784487878,1.63950714511496,0.165560772299784,0.443398577675566,-1.85769610859076,3.34426223318228,2.3568455661005
GDP per capita growth (annual %),NY.GDP.PCAP.KD.ZG,Oman,OMN,-5.14935162191476,5.11237365525272,-2.52238574661166,-3.57336802814908,0.444638517235134,0.119161082356882,-2.87132381204755,-0.0183566727402678,-1.16331668317662,-2.11716850954581,3.61516461650578,3.0387436441855
GDP per capita growth (annual %),NY.GDP.PCAP.KD.ZG,Pakistan,PAK,1.07026649113786,1.10232212708917,2.80425652921821,3.20999430550945,3.38201895160893,4.26375395669058,3.05478922007623,4.53244520613151,0.862674221586389,-2.97029464978425,4.55184847596952,4.19666428934758
GDP per capita growth (annual %),NY.GDP.PCAP.KD.ZG,Palau,PLW,..,..,-2.62222207876758,6.34762203482052,7.55115034053378,-0.206754779293234,-4.19174162710635,-0.0431972500937974,0.104575692886286,-9.39042502432173,-13.5833703210534,..
GDP per capita growth (annual %),NY.GDP.PCAP.KD.ZG,Panama,PAN,5.82963458665738,0.709781117148196,5.0382546241174,3.24983015233649,3.90792886782745,3.14843271100906,3.79367797783665,1.96303784706238,1.64018747593606,-18.8543822139924,14.3217930978862,9.36878293863059
GDP per capita growth (annual %),NY.GDP.PCAP.KD.ZG,Papua New Guinea,PNG,-5.54315589190692,-5.80341296798611,1.06637176582581,10.6123177026363,3.90203126621873,2.91734310228075,1.08531216872012,-2.57131996144417,2.14546338635098,-5.22481758623621,-1.91013179941739,2.60772981718935
GDP per capita growth (annual %),NY.GDP.PCAP.KD.ZG,Paraguay,PRY,1.35533724347989,-4.1784735631924,6.80851344989249,3.83049792540911,1.50345764723987,2.79275975879854,3.34581598704227,1.79595163131663,-1.72420205098025,-2.14847789745059,2.69625613798159,-1.06017407344768
GDP per capita growth (annual %),NY.GDP.PCAP.KD.ZG,Peru,PER,-7.06601854240201,1.14477299247883,4.83334779976734,1.31920125652192,2.04895673228597,2.54786708172743,0.985513944113038,2.03724979302511,0.306641968886368,-12.1539382486511,12.0359010397389,1.67626960792973
GDP per capita growth (annual %),NY.GDP.PCAP.KD.ZG,Philippines,PHL,0.685480244973476,2.09401888916523,4.96480133626616,4.64233602902742,4.5872182520117,5.26557127360934,5.06439325314665,4.54870091836248,4.37652555223819,-10.9781941390899,4.14651416684475,6.00769990008823
GDP per capita growth (annual %),NY.GDP.PCAP.KD.ZG,Poland,POL,..,5.65867459519393,0.91745249247623,3.91470563333374,4.45288399815828,2.99777305502597,5.12689681500834,5.94542050836115,4.47555360231895,-1.84844038810836,7.27786211149322,5.39201945100795
GDP per capita growth (annual %),NY.GDP.PCAP.KD.ZG,Portugal,PRT,4.17732841718288,3.08905404795144,-0.377398248791067,1.33711996744654,2.2144828853083,2.34182321593775,3.75909438887767,3.01412372965098,2.65839260557085,-8.39685451108976,5.21597798514588,6.13212456457504
GDP per capita growth (annual %),NY.GDP.PCAP.KD.ZG,Puerto Rico,PRI,-3.70170811331964,2.98675151003449,0.842159017658133,0.436573539062252,0.706704568897791,0.666133347916414,-0.509099448693803,-0.409307043581293,1.66423879920615,-6.76775646456483,1.01332109366368,4.67324881572651
GDP per capita growth (annual %),NY.GDP.PCAP.KD.ZG,Qatar,QAT,..,..,-1.17719204664343,-3.17836570227246,-3.92809919619101,-4.1078624678908,-5.73260962173684,-0.776739175354805,-0.679178208458097,-2.00500948572046,4.3176163791631,4.55981688813148
GDP per capita growth (annual %),NY.GDP.PCAP.KD.ZG,Romania,ROU,..,2.59397523199067,0.642981501285703,4.51141685454274,3.64655356590626,3.44929521895125,8.82370076808195,6.65376580785784,4.40172136610761,-3.14554156129175,6.59760922031192,5.69443511048127
GDP per capita growth (annual %),NY.GDP.PCAP.KD.ZG,Russian Federation,RUS,-3.16283597296696,10.4637091559227,1.53897351738807,-1.04526203847087,-2.18388547157608,0.0102479204324482,1.70938569423402,2.81552410737709,2.24397951657973,-2.4510269293305,6.04547405075897,-2.16241783743502
GDP per capita growth (annual %),NY.GDP.PCAP.KD.ZG,Rwanda,RWA,-4.77249398799356,7.02928355696382,2.2576721601562,3.67277271025237,6.29031105782323,3.41326145449072,1.39189190236844,5.92876900435083,6.87800201688384,-5.66229722308751,8.2779532711909,5.68599137923582
GDP per capita growth (annual %),NY.GDP.PCAP.KD.ZG,Samoa,WSM,-4.5919381723015,4.0667186560092,-0.80145757900614,-0.247106675819552,2.92496204784439,6.94733463410893,0.387482105507914,-1.59122287483045,3.36546691550508,-4.47168519860817,-8.71342366069874,-7.55096748881277
GDP per capita growth (annual %),NY.GDP.PCAP.KD.ZG,San Marino,SMR,..,0.583243559444171,-1.24003498452547,-1.01166258669356,1.73997852803099,1.54583273449211,-0.395285594675144,1.19675721734758,1.99998659641041,-6.17850136533582,9.30519141254366,..
GDP per capita growth (annual %),NY.GDP.PCAP.KD.ZG,Sao Tome and Principe,STP,..,..,2.74129285673223,4.53219920848787,2.03743719665277,2.37907558481648,2.14974650160656,1.33394826772522,0.660539495245359,1.1199606360621,-0.161398549378617,-0.969518678498673
GDP per capita growth (annual %),NY.GDP.PCAP.KD.ZG,Saudi Arabia,SAU,10.5040303688675,2.989460931672,0.691065526748673,1.94530191978144,2.69452107756302,0.321643716787506,-2.34006849997688,0.341212854265805,-1.44520818534598,-4.79246757029121,4.05675149571071,7.37495435512498
GDP per capita growth (annual %),NY.GDP.PCAP.KD.ZG,Senegal,SEN,-3.56701824622392,1.47078068161998,-0.327534793003196,3.37470117405547,3.50805418581042,3.50688918804765,4.52749063133484,3.36482160369758,1.8292630702439,-1.34214592481055,3.75824580367465,1.50900297015259
GDP per capita growth (annual %),NY.GDP.PCAP.KD.ZG,Serbia,SRB,..,6.47147291411601,3.39452352049253,-1.12639732710853,2.31101588882194,3.88118476026682,2.64598586238259,5.0675948814029,4.89309425558007,-0.2409239589782,8.56965235057908,3.37436980660692
GDP per capita growth (annual %),NY.GDP.PCAP.KD.ZG,Seychelles,SYC,6.92914126648884,3.32671456371403,-0.599133304568028,2.45761243916046,1.89697242342477,3.7082693529568,1.5335030955391,2.72445084564914,3.94983936587823,-9.42575592830002,4.55474420197871,7.92794740293708
GDP per capita growth (annual %),NY.GDP.PCAP.KD.ZG,Sierra Leone,SLE,-0.621750542467765,4.11855452190922,18.0146534946538,1.98463481397566,-22.3833148317162,3.80453756664755,1.27194946638203,1.0547690134314,2.82676305120302,-4.19655104811287,1.79687952384096,1.27482554600324
GDP per capita growth (annual %),NY.GDP.PCAP.KD.ZG,Singapore,SGP,5.63184802412309,7.16598820156491,3.13397914899265,2.59472315486744,1.76232468638902,2.26617300748153,4.45214734181411,3.09007521518672,0.178353464947364,-3.60084808580315,13.5191268484885,0.273797563646383
GDP per capita growth (annual %),NY.GDP.PCAP.KD.ZG,Sint Maarten (Dutch part),SXM,..,..,-4.13677564787119,-1.32537772499819,-2.54799742433998,-2.37652742865819,-7.20462192667024,-7.33312894472255,6.93558930974814,-17.885417159064,5.95768566493985,8.32713821475448
GDP per capita growth (annual %),NY.GDP.PCAP.KD.ZG,Slovak Republic,SVK,..,1.30357495341369,0.524660148617301,2.59757522977975,5.06728462990019,1.81260702828008,2.7784542927246,3.88639887857198,2.3710925355324,-3.41911712353581,5.08618675661398,1.95873027361991
GDP per capita growth (annual %),NY.GDP.PCAP.KD.ZG,Slovenia,SVN,..,3.36587756689673,-1.16352087549969,2.66713405933845,2.13325802761534,3.11634660116351,4.74710618321161,4.07631630530021,2.73324724040435,-4.96004083297935,7.92052575032362,5.34192186747171
GDP per capita growth (annual %),NY.GDP.PCAP.KD.ZG,Solomon Islands,SLB,-0.830018724544004,-16.4199848866935,2.5931645154494,-1.35332306766367,-0.860529804071021,2.95964958146601,0.587961871197322,0.312349382868433,-0.623761217915714,-5.64537105431533,-2.9099360737365,-6.23770566302829
GDP per capita growth (annual %),NY.GDP.PCAP.KD.ZG,Somalia,SOM,-0.973387623094865,..,..,4.09488913798413,11.2494307806363,4.51579586375645,-1.58468937333771,3.71516073541667,3.62251846955004,-0.954716484010831,0.826441533244676,1.6309665350974
GDP per capita growth (annual %),NY.GDP.PCAP.KD.ZG,South Africa,ZAF,-3.33962118357752,3.20151044858625,1.09946173503064,-0.172220609328434,-0.75792811406113,-0.309171167254917,0.766941613003056,0.285735634105151,-0.987175236408163,-7.48109276223047,3.87031528861255,1.18766321355079
GDP per capita growth (annual %),NY.GDP.PCAP.KD.ZG,South Sudan,SSD,..,..,9.01010300567134,2.38489853377585,-10.6420744058549,..,..,..,..,..,..,..
GDP per capita growth (annual %),NY.GDP.PCAP.KD.ZG,Spain,ESP,3.6757679509781,4.7764007853099,-1.07974126518728,1.69935265928203,3.91911726500582,2.95081590903861,2.73447515505379,1.83746046437267,1.25463175469125,-11.7575591274843,5.40811294229356,5.01039068983474
GDP per capita growth (annual %),NY.GDP.PCAP.KD.ZG,Sri Lanka,LKA,5.07947121940411,5.40184709169252,3.48741714756051,5.83855763456552,3.73104658399177,4.61823484807928,6.05814482153404,1.5396331374061,-0.829146715016009,-5.12926312146288,2.40496705325673,-7.92786806930475
GDP per capita growth (annual %),NY.GDP.PCAP.KD.ZG,St. Kitts and Nevis,KNA,5.79605015615449,8.50330804887986,5.62130176224871,7.53195299804048,0.711907425085585,3.93435431121421,0.013789250785436,2.10330421584941,4.15391935463778,-14.4049501223005,-0.805145679647666,8.88335396688838
GDP per capita growth (annual %),NY.GDP.PCAP.KD.ZG,St. Lucia,LCA,8.46668867303275,-0.731568958709232,-2.4852810915035,0.849198138520606,-0.365691140432304,2.9655064546682,2.9501048117929,2.46107732432172,-1.03661555322634,-24.6416866183581,11.9733046935177,15.2678261062956
GDP per capita growth (annual %),NY.GDP.PCAP.KD.ZG,St. Martin (French part),MAF,..,..,..,..,..,..,..,..,..,..,..,..
GDP per capita growth (annual %),NY.GDP.PCAP.KD.ZG,St. Vincent and the Grenadines,VCT,3.99456527918332,1.80156433702805,3.06610215708668,1.65473935365657,3.20029418977408,4.6596832284163,1.94643573223135,3.43801500067411,1.00457218236663,-3.47075541150275,1.04344575244386,5.3407058851728
GDP per capita growth (annual %),NY.GDP.PCAP.KD.ZG,Sudan,SDN,-6.99314223888373,3.29817914044712,-0.398675964029266,1.79746715920011,-1.20799806155449,0.298783690019718,-2.51568638689621,-5.73781228362907,-4.96825070175018,-6.25022807906741,-4.4836196256332,-3.52496766308643
GDP per capita growth (annual %),NY.GDP.PCAP.KD.ZG,Suriname,SUR,-5.51710938235234,0.279669784025444,1.86823594018924,-0.753771107060828,-4.38340501137017,-5.89336062948988,0.511689798708389,3.86010294966586,0.05885853008634,-16.911412073134,-3.66902298305844,1.05437068754199
GDP per capita growth (annual %),NY.GDP.PCAP.KD.ZG,Sweden,SWE,-0.0207591755191316,4.59825479417304,0.333984863287881,1.64424400595537,3.39017629600058,0.79614630049835,1.19514757132167,0.772577449000039,0.957561656419784,-2.87468419018519,4.7547986386104,1.94602317139581
GDP per capita growth (annual %),NY.GDP.PCAP.KD.ZG,Switzerland,CHE,2.61546619863479,3.37615729497902,0.628360675437008,1.10869359440046,0.494129822392765,0.960131673178253,0.421326163056477,2.10552472012415,0.423089768227314,-3.08628211065434,3.44050320705828,1.28723684566378
GDP per capita growth (annual %),NY.GDP.PCAP.KD.ZG,Syrian Arab Republic,SYR,0.605389708051504,-1.83360349573415,-22.4952122898179,-3.94925293480863,0.146192502227933,-5.21654691915067,-0.823278239065289,-0.442849729031707,-2.63099215855095,-6.9942453904841,..,..
GDP per capita growth (annual %),NY.GDP.PCAP.KD.ZG,Tajikistan,TJK,-3.41673599156007,6.88357425608561,5.02106218524243,4.26855718924833,3.56019355333524,4.43428362152531,4.69765731427563,5.21172239840529,4.99743620088799,2.14418624682465,7.07897361494234,5.80020571122439
GDP per capita growth (annual %),NY.GDP.PCAP.KD.ZG,Tanzania,TZA,4.26155396960681,1.60420802864729,3.61664354884981,3.47055315099234,2.68536728529934,3.23214355083614,3.25034368145106,2.16418480432814,2.66781708219399,-1.01958280878104,1.24780243811844,1.52701113730787
GDP per capita growth (annual %),NY.GDP.PCAP.KD.ZG,Thailand,THA,9.34671904613388,3.42181481134629,2.06530870621697,0.43258232301369,2.64481251549444,2.977158499243,3.74984374367759,3.88643966054494,1.85684899765484,-6.28758089052563,1.31428977715066,2.45746686888928
GDP per capita growth (annual %),NY.GDP.PCAP.KD.ZG,Timor-Leste,TLS,..,..,0.983317804510662,2.41969532581261,0.974981265058389,1.80010299465816,-4.51369249118576,-2.15490102252907,21.7202719000788,29.929979719251,3.62177017621474,-18.74325517775
GDP per capita growth (annual %),NY.GDP.PCAP.KD.ZG,Togo,TGO,-3.1336956145325,-3.55894727145663,3.43059159600956,3.27338151907742,3.1273797180715,2.96706987799446,1.80388490415469,2.60517036287666,2.42284081657979,-0.433796943220827,3.51185967118215,3.37271324487263
GDP per capita growth (annual %),NY.GDP.PCAP.KD.ZG,Tonga,TON,-2.38937343689918,0.265442712257212,0.69917288297583,2.46169427346916,1.65237893342727,6.98939252059962,3.60863612360343,0.493856827697542,0.897435308576604,0.199363590239884,-3.36800414054153,..
GDP per capita growth (annual %),NY.GDP.PCAP.KD.ZG,Trinidad and Tobago,TTO,0.682999954200753,6.48890519128867,3.09765750778435,2.61554033929623,-1.40239937919313,-7.34523800628433,-5.30488130976266,-2.59054687779725,-0.893769241208446,-7.56838294553815,-1.51412130729,2.12077266733672
GDP per capita growth (annual %),NY.GDP.PCAP.KD.ZG,Tunisia,TUN,5.60118821921662,3.59602689821163,1.28871798801546,1.92976504925548,-0.157752756538599,0.0107963170930248,1.14914304799336,1.57907863261791,0.607712765167861,-9.66066157516066,3.54356060864632,1.74869859787252
GDP per capita growth (annual %),NY.GDP.PCAP.KD.ZG,Turkiye,TUR,7.21674198926634,5.38556718247052,6.64597254678596,2.87623407643298,4.04114037018699,1.57183792779037,6.10019675717759,2.08515775401123,-0.0281233529557454,1.14794398939554,10.5128803584355,4.86592799229359
GDP per capita growth (annual %),NY.GDP.PCAP.KD.ZG,Turkmenistan,TKM,31.7827609742581,3.89819985865532,8.19001419103537,8.2927808288092,4.59254389544923,4.35181162919179,4.71877337208811,4.50706954385672,4.6886240393401,..,..,..
GDP per capita growth (annual %),NY.GDP.PCAP.KD.ZG,Turks and Caicos Islands,TCA,..,..,-3.48113337293891,4.38894661597293,6.58354239873972,2.46152891612343,-6.40098673791654,1.42847026256436,1.42989014350586,-28.7606454520118,6.95028900057768,-1.78180318996934
GDP per capita growth (annual %),NY.GDP.PCAP.KD.ZG,Tuvalu,TUV,..,-0.949939400679725,3.73615170798919,0.174327919992663,10.6399972418866,5.90378958056597,2.67555255828384,1.04198352327647,12.8765845962641,-5.25206033319787,0.577397943645622,-0.283870476454894
GDP per capita growth (annual %),NY.GDP.PCAP.KD.ZG,Uganda,UGA,3.09533287365606,-0.0417874225673103,0.649426228280731,2.03158558519276,1.98592377271353,1.34418674634659,-0.412239331689193,2.74903045940084,2.88570892266343,-0.423316497344004,0.264400771937062,1.55864858726822
GDP per capita growth (annual %),NY.GDP.PCAP.KD.ZG,Ukraine,UKR,-6.55892790804457,6.97135971117342,0.273496006330021,-4.87524996257295,-9.44383219053168,2.85480260756702,2.81064547083641,4.01638177635452,3.79372391176472,-3.10165858921107,4.36448461386128,-17.1274241650301
GDP per capita growth (annual %),NY.GDP.PCAP.KD.ZG,United Arab Emirates,ARE,11.5831413390822,4.83612964510461,4.01269214543069,3.17420248692079,5.81735787132587,4.65350539500164,-0.0873260713745054,0.517239888701809,0.323686526806853,-5.73104452161624,3.05240051957495,6.54663823524344
GDP per capita growth (annual %),NY.GDP.PCAP.KD.ZG,United Kingdom,GBR,0.433081193689318,3.72139315610332,1.14021296406929,2.44246580096015,1.58497938949145,1.39384882462006,1.74995379706114,1.09062395623573,1.0327408419658,-11.3556760569182,7.68565664671709,4.18694187519546
GDP per capita growth (annual %),NY.GDP.PCAP.KD.ZG,United States,USA,0.74148609960973,2.92544098347776,1.13869234666606,1.54038064866397,1.95300411790625,0.933375361665711,1.59713559028371,2.40486787201,1.82966838809384,-3.70095252825833,5.77954841835778,1.67697129735933
GDP per capita growth (annual %),NY.GDP.PCAP.KD.ZG,Uruguay,URY,-0.317980081088734,-2.32495454329535,4.32661364111881,2.9197296574484,0.0416798769461195,1.36367741460649,1.48963768853973,0.0144915655816646,0.704262097511574,-6.28148319774319,5.36339161084788,5.02812076874068
GDP per capita growth (annual %),NY.GDP.PCAP.KD.ZG,Uzbekistan,UZB,-0.416633675410012,2.40808172418723,5.63370076515891,5.08610431643773,5.36481697232252,4.10607276057955,2.6524847322477,4.05650668649562,4.01139218527371,0.0538222334314895,5.30221790011247,3.4960436700361
GDP per capita growth (annual %),NY.GDP.PCAP.KD.ZG,Vanuatu,VUT,8.95590456155684,3.36484277457321,-1.90815462942294,0.694155032875415,-1.99743087331125,2.18259585262859,3.74544632653678,0.456982334488742,0.831127736745984,-7.21187853416568,-1.70154021181884,-0.520979742632093
GDP per capita growth (annual %),NY.GDP.PCAP.KD.ZG,"Venezuela, RB",VEN,3.90584744788616,1.73114510029852,0.0945791076821791,-5.02511141422512,..,..,..,..,..,..,..,..
GDP per capita growth (annual %),NY.GDP.PCAP.KD.ZG,Viet Nam,VNM,2.82926252371433,5.60127927158867,4.423436769603,5.29339088145286,5.87786159372139,5.61868038706596,5.90923840694401,6.46717604423905,6.39260407908463,1.93735534204778,1.69938954511899,7.22898438354207
GDP per capita growth (annual %),NY.GDP.PCAP.KD.ZG,Virgin Islands (U.S.),VIR,..,..,-6.15764738406951,-1.62976237975002,-0.26792231561096,1.78607056891147,-0.517853882355141,2.17142607924004,3.09766661354283,-1.79809079379379,..,..
GDP per capita growth (annual %),NY.GDP.PCAP.KD.ZG,West Bank and Gaza,PSE,..,-10.8631881105429,2.21485047926886,-2.47102630481804,1.37258508832343,6.44666146094556,-0.577622802403482,-1.30481419195327,-1.15161366535136,-13.4963869730477,4.41469534491321,1.44237074478619
GDP per capita growth (annual %),NY.GDP.PCAP.KD.ZG,"Yemen, Rep.",YEM,..,3.25131820615718,1.86880828414276,-2.95538929742692,-29.9217612975433,-11.7200183365993,-7.4751131336467,-1.72173475812296,..,..,..,..
GDP per capita growth (annual %),NY.GDP.PCAP.KD.ZG,Zambia,ZMB,-3.00744689939025,1.06229169242992,1.67610060101553,1.35292800530071,-0.312861216401132,0.561270607611533,0.33128409209921,0.897347460387692,-1.56423687695015,-5.59573305992129,1.66909662207546,1.89551775169321
GDP per capita growth (annual %),NY.GDP.PCAP.KD.ZG,Zimbabwe,ZWE,4.15834043459395,-4.02757591112872,0.988283015619089,-0.715190165913654,-0.132759721781923,-1.1778926023423,1.97484556825425,2.90939513608366,-8.17732035157181,-9.67040477679424,6.27161321467831,1.32818433636854
GDP per capita growth (annual %),NY.GDP.PCAP.KD.ZG,Africa Eastern and Southern,AFE,-2.84667989563718,0.750783888997518,1.40045661230546,1.18675917210584,0.166839637757093,-0.490259075567451,-0.105886333363188,-0.169822405441465,-0.587557018399735,-5.42166221698312,1.68355673118705,0.842506639677978
GDP per capita growth (annual %),NY.GDP.PCAP.KD.ZG,Africa Western and Central,AFW,3.82294768670566,0.956780029803326,3.2579229637624,3.09363459555263,0.0260160622438406,-2.51927409834653,-0.38269079571522,0.140162280475892,0.563580469542387,-3.45312417907287,1.37216006946974,1.19266768111382
GDP per capita growth (annual %),NY.GDP.PCAP.KD.ZG,Arab World,ARB,8.63096477186687,4.18547189617048,0.311814859734,0.167322011408586,1.26562540365644,1.54640368826848,-0.832822320031241,0.344381769040865,-0.671140196057024,-6.71249524062264,1.90928076787762,4.10106560107538
GDP per capita growth (annual %),NY.GDP.PCAP.KD.ZG,Caribbean small states,CSS,0.322633428440284,3.02866676404125,0.796335276789932,1.49560576762318,-0.340318629975698,-2.32252242526089,-1.05762136930099,0.300575439866904,0.155244610749136,-9.42953884155212,5.23632292731888,12.2138371615891
GDP per capita growth (annual %),NY.GDP.PCAP.KD.ZG,Central Europe and the Baltics,CEB,..,4.54472192060322,0.878400827911491,3.43041527598653,4.26682251502615,3.01298659234617,5.36423088748256,5.14566068599818,4.08157026932629,-3.18560223896282,7.18539140431658,4.83620612166773
GDP per capita growth (annual %),NY.GDP.PCAP.KD.ZG,Early-demographic dividend,EAR,2.9032663747881,2.47174370066669,2.67315267378423,2.73418103683987,3.05172010528933,3.12718167866268,3.21017055255824,2.50415831466744,1.1265930885212,-5.26799581773504,5.74954764382898,4.40613523300793
GDP per capita growth (annual %),NY.GDP.PCAP.KD.ZG,East Asia & Pacific,EAS,3.50475795856407,4.40513663721036,4.42826406896874,3.97854978116197,3.97238301591271,3.93578661101803,4.31113067689579,4.12226062296641,3.41061669219125,-0.54483545753132,5.82273144780959,2.63193682603801
GDP per capita growth (annual %),NY.GDP.PCAP.KD.ZG,East Asia & Pacific (excluding high income),EAP,3.48415526155628,6.57004822747156,6.40294443024976,6.13314315121696,5.88268532904499,5.79070752890188,5.89789906176836,5.83347317022995,5.18692993520811,0.821893841980653,7.18142650823228,3.14485974400598
GDP per capita growth (annual %),NY.GDP.PCAP.KD.ZG,East Asia & Pacific (IDA & IBRD countries),TEA,3.48229573843948,6.56592424545042,6.39784907621339,6.12915643983416,5.87947785213375,5.78768121066224,5.89436073415139,5.8311704079068,5.1855230502598,0.821418575899287,7.18220172938571,3.14634056937888
GDP per capita growth (annual %),NY.GDP.PCAP.KD.ZG,Euro area,EMU,3.13652076565789,3.52496230508059,-0.558569835876682,1.05566182271799,1.74065481875158,1.56643644297696,2.39627663812077,1.53962786496594,1.46901367832429,-6.25851931220208,5.339241835032,3.04450801699751
GDP per capita growth (annual %),NY.GDP.PCAP.KD.ZG,Europe & Central Asia,ECS,1.81980423884048,4.21366912648789,0.370449301001344,1.4104513673864,1.57276128825521,1.46277372753576,2.48258580795951,1.84944535718144,1.53404230521106,-5.79627059762282,5.93800831827546,3.44399997758474
GDP per capita growth (annual %),NY.GDP.PCAP.KD.ZG,Europe & Central Asia (excluding high income),ECA,-2.11705634824536,8.39434632546012,3.35228351619332,1.3176543468457,0.176975828883187,0.90108571384242,3.36008262860301,2.75024484506967,1.85499680598839,-1.50696030243958,7.23799843504986,1.77835658002982
GDP per capita growth (annual %),NY.GDP.PCAP.KD.ZG,Europe & Central Asia (IDA & IBRD countries),TEC,-2.06111496886436,7.49160044178619,2.81530376590568,1.7322564266246,0.882822631507096,1.2981968983952,3.83622274482511,3.35292946199756,2.33861204225178,-1.77432992359496,7.27934090487999,2.58659698403036
GDP per capita growth (annual %),NY.GDP.PCAP.KD.ZG,European Union,EUU,3.04238060802386,3.77652482994644,-0.326865360191746,1.34437416520217,2.08415026093982,1.76079602496846,2.67723054514761,1.88650516049707,1.72356889264549,-5.74084654136242,5.58948556271261,3.36084527972803
GDP per capita growth (annual %),NY.GDP.PCAP.KD.ZG,Fragile and conflict affected situations,FCS,2.32672064410116,3.12149882880475,1.0069028829144,-0.166873843702803,-1.32399163934478,0.129789683835753,0.232549264816925,0.390893584254613,-0.0342484631655537,-6.55264631650206,-0.304919912972508,-0.620398952513256
GDP per capita growth (annual %),NY.GDP.PCAP.KD.ZG,Heavily indebted poor countries (HIPC),HPC,-3.23649231892212,0.248975556500312,2.61156125391042,2.78547843118118,1.65559947582963,1.41167502061263,1.79336529022733,0.972606396208292,1.29263389472484,-2.54917387882084,1.11833612479666,1.79307049518857
GDP per capita growth (annual %),NY.GDP.PCAP.KD.ZG,High income,HIC,2.26944832812165,3.49265626077101,0.92398670377716,1.51609340738858,1.80122530508385,1.26478803456527,1.86729534588245,1.86438976919906,1.32852930367171,-4.62799652775378,5.37653850194866,2.50135961948629
GDP per capita growth (annual %),NY.GDP.PCAP.KD.ZG,IBRD only,IBD,0.170169833019969,4.62444114883228,4.11589621065849,3.69587099637734,3.37436806385986,3.58057823164056,4.26550425825103,4.0472343658007,3.17343099894552,-2.00665730355402,6.82588009343949,3.1129730920098
GDP per capita growth (annual %),NY.GDP.PCAP.KD.ZG,IDA & IBRD total,IBT,0.176548873047494,4.17387849387927,3.84175272238151,3.48639646301746,3.00634179773833,3.16640799293772,3.82955560610097,3.63038196737584,2.77784348039903,-2.33953930458382,6.09022473318778,2.66855864581133
GDP per capita growth (annual %),NY.GDP.PCAP.KD.ZG,IDA blend,IDB,3.43237463329106,0.922760925367584,3.36602936588264,3.68669175333586,1.79520181849779,-0.257285621763032,0.535575311184971,1.68877860517458,0.702425634558693,-3.41968137151433,2.88589756382362,2.35115411525035
GDP per capita growth (annual %),NY.GDP.PCAP.KD.ZG,IDA only,IDX,-1.14580837975954,1.68922295676607,2.68671490046384,3.12001639346006,0.650764453952263,2.25215886517243,2.69554375766725,2.22366712379451,2.41229625228583,-1.91744136394114,0.694780202206573,1.83360310596269
GDP per capita growth (annual %),NY.GDP.PCAP.KD.ZG,IDA total,IDA,1.24055978721462,1.38482885743387,2.99924716233181,3.37334155330522,1.16128666674275,1.01485244225323,1.64218362319768,1.94053960131735,1.59117420628088,-2.62869329680899,1.66011880052901,2.05476598479073
GDP per capita growth (annual %),NY.GDP.PCAP.KD.ZG,Late-demographic dividend,LTE,-0.87363122768086,6.1687916172656,4.84678023480045,4.49360681652225,4.03253837558701,3.83633408192559,4.64039896994004,4.85655263096984,4.17093985207137,-0.161904884630403,7.20975037824323,3.03807951079931
GDP per capita growth (annual %),NY.GDP.PCAP.KD.ZG,Latin America & Caribbean,LCN,-2.33059033267932,2.05335535405382,1.75771337493511,0.336398880360591,-0.505115928191117,-1.15786417330081,0.892928504256105,0.698328042186972,-0.14611376295997,-7.20443302945176,6.00952978108053,3.07034587748582
GDP per capita growth (annual %),NY.GDP.PCAP.KD.ZG,Latin America & Caribbean (excluding high income),LAC,-2.43749413416897,2.05030481869454,1.7604036730251,0.290778430375511,-0.625350542412946,-1.32412903053161,0.932503610808283,0.527179378874081,-0.368531072091358,-7.18431487265157,5.69333303551716,2.89070997696027
GDP per capita growth (annual %),NY.GDP.PCAP.KD.ZG,Latin America & the Caribbean (IDA & IBRD countries),TLA,-2.23062747167874,1.98608187273332,1.826410617817,0.366702506936619,-0.580320239428303,-1.19144017856732,0.957874750393856,0.760847779098157,-0.171311484622052,-7.11209715579983,6.17816564340532,3.01946844541152
GDP per capita growth (annual %),NY.GDP.PCAP.KD.ZG,Least developed countries: UN classification,LDC,-2.04113715890031,1.78372671675821,3.07607055869659,3.06382941979926,0.027447501757095,1.52177458925604,1.80916774857162,1.90744784042229,2.38885600840912,-1.70613856497826,-0.463461554009626,2.05087630918482
GDP per capita growth (annual %),NY.GDP.PCAP.KD.ZG,Low & middle income,LMY,0.0590099321774886,4.25154659167669,3.96787213108811,3.52624751563491,3.03608031603579,3.22159996162188,3.83004252551953,3.59634128866423,2.76842010850531,-2.26916899849489,6.01344742782305,2.59851828578974
GDP per capita growth (annual %),NY.GDP.PCAP.KD.ZG,Low income,LIC,-4.35438163212018,0.607789448987432,0.718779809237418,1.84160104246023,-2.86656269698609,-0.52086823839943,0.0636552182702701,0.240530468880593,0.955778539667023,-2.72470604295219,-0.926422288200072,0.782933367653783
GDP per capita growth (annual %),NY.GDP.PCAP.KD.ZG,Lower middle income,LMC,2.19760168367313,2.44677126710924,3.24203599693529,4.01212105835538,3.40336744390417,4.20281587846827,3.5825894883012,3.27008935422042,2.11854899869476,-4.36594810469828,4.64555572647312,4.00279213459275
GDP per capita growth (annual %),NY.GDP.PCAP.KD.ZG,Middle East & North Africa,MEA,9.20386840874674,4.56699638084559,0.147032723063887,0.737929368292711,0.683475204978706,2.47136303254025,-0.0230119342880926,0.308208016349582,-0.514225674487193,-5.12815241179257,3.08413512790023,4.23058289965861
GDP per capita growth (annual %),NY.GDP.PCAP.KD.ZG,Middle East & North Africa (excluding high income),MNA,7.82487878301528,3.99631500499883,-1.50798208404223,-0.283986005717523,-1.22559994417125,3.45058546863486,1.39890098520861,-0.0467899303618964,-0.692822223269829,-4.79781497297199,2.79300094092758,2.33630003320346
GDP per capita growth (annual %),NY.GDP.PCAP.KD.ZG,Middle East & North Africa (IDA & IBRD countries),TMN,8.76509179868559,4.13674001292455,-1.54198590829418,-0.262176052272224,-1.24982602543221,3.42180780353783,1.41940404065492,-0.0328806581035792,-0.686895034126906,-4.70897193380011,2.78047754472624,2.34719695618
GDP per capita growth (annual %),NY.GDP.PCAP.KD.ZG,Middle income,MIC,0.172505497551171,4.4016458740297,4.1268306019772,3.65530480258005,3.24642782897804,3.40684353974365,4.02407511566449,3.79262298629672,2.95353418602298,-2.10579491108179,6.29455834653643,2.81072419607162
GDP per capita growth (annual %),NY.GDP.PCAP.KD.ZG,North America,NAC,0.560826007082397,3.03010565617458,1.13972365401085,1.55680334032344,1.78843141229139,0.839605414853949,1.60188720097814,2.29865259739029,1.69521864806146,-3.89200939771852,5.66163553067938,1.62573262239087
GDP per capita growth (annual %),NY.GDP.PCAP.KD.ZG,Not classified,INX,..,..,..,..,..,..,..,..,..,..,..,..
GDP per capita growth (annual %),NY.GDP.PCAP.KD.ZG,OECD members,OED,2.03382787873521,3.32523568417959,0.864987855017787,1.4037006869104,1.76121876560708,1.16086162435795,1.87822793645169,1.7849105523309,1.23196407754294,-4.72370593754641,5.29512648389951,2.39822226354664
GDP per capita growth (annual %),NY.GDP.PCAP.KD.ZG,Other small states,OSS,..,..,1.43872621306302,1.40186426229623,0.643806464134371,0.640927421206911,-0.740238344424398,0.412249712635557,0.554696189980561,-5.96380789095771,2.93732508738135,3.0412393572343
GDP per capita growth (annual %),NY.GDP.PCAP.KD.ZG,Pacific island small states,PSS,2.4042610689792,-3.07595533149673,2.02007415052449,2.48739486065186,2.46378141663941,2.53533278494437,2.88248558296451,1.76563618064837,-0.0168346440022447,-11.355291778201,-4.8782529586951,4.87406151727332
GDP per capita growth (annual %),NY.GDP.PCAP.KD.ZG,Post-demographic dividend,PST,2.06999909696437,3.50494452444899,0.957297504739302,1.45360348663111,1.68229380789577,1.29152103633446,1.97509425204689,1.89929369942048,1.39959917929025,-4.77193119184929,5.30093844006025,2.70184092861344
GDP per capita growth (annual %),NY.GDP.PCAP.KD.ZG,Pre-demographic dividend,PRE,5.72139282444215,2.60217620359448,2.70528724045396,2.06270726091753,0.324661326475123,-0.423347424480227,-1.22798709100816,-0.33817685722272,0.391506241652834,-5.16020749164289,0.264236708775826,1.29711731699209
GDP per capita growth (annual %),NY.GDP.PCAP.KD.ZG,Small states,SST,..,..,1.40935824000591,1.52545006813958,0.60354048470117,0.276122304997912,-0.643886331590565,0.470605218511338,0.525731350954146,-6.58758950554127,3.12077521180014,4.4682807952432
GDP per capita growth (annual %),NY.GDP.PCAP.KD.ZG,South Asia,SAS,3.07196768515803,2.10714974827407,4.62685641830834,5.57621985570682,6.03544499293713,6.39229513938777,5.24682911467991,5.0861803978574,2.76403766961361,-5.72161798697594,7.16471102744075,5.50329271193381
GDP per capita growth (annual %),NY.GDP.PCAP.KD.ZG,South Asia (IDA & IBRD),TSA,3.07196768515803,2.10714974827407,4.62685641830834,5.57621985570682,6.03544499293713,6.39229513938777,5.24682911467991,5.0861803978574,2.76403766961361,-5.72161798697594,7.16471102744075,5.50329271193381
GDP per capita growth (annual %),NY.GDP.PCAP.KD.ZG,Sub-Saharan Africa,SSF,-0.318322625724662,0.830273884005834,2.22801655275295,2.04213693013433,0.0992305556000872,-1.41045575392981,-0.22783814347612,-0.0319022203457706,-0.0741322982990908,-4.53692815644548,1.53989731345297,1.00179173478384
GDP per capita growth (annual %),NY.GDP.PCAP.KD.ZG,Sub-Saharan Africa (excluding high income),SSA,-0.322996834547752,0.82920025937932,2.23108075793309,2.04266091849945,0.0981408740595953,-1.41364078336382,-0.228250032251225,-0.0329372271499153,-0.0762081698057102,-4.53135690439078,1.53876205608671,0.997398285436319
GDP per capita growth (annual %),NY.GDP.PCAP.KD.ZG,Sub-Saharan Africa (IDA & IBRD countries),TSS,-0.318322625724647,0.830273884005834,2.22801655275293,2.0421369301344,0.0992305556000872,-1.41045575392981,-0.22783814347612,-0.0319022203458417,-0.074132298298963,-4.53692815644557,1.53989731345301,1.00179173478384
GDP per capita growth (annual %),NY.GDP.PCAP.KD.ZG,Upper middle income,UMC,-0.281087826531419,5.35163931092544,4.65445724689594,3.84831812437881,3.49268780391279,3.47791711709068,4.44005798181084,4.24612557894845,3.50629037781312,-1.13158971926966,7.14883068784246,2.79467525897401
GDP per capita growth (annual %),NY.GDP.PCAP.KD.ZG,World,WLD,1.03551541510143,3.12015321721033,1.55439033206559,1.83068735259026,1.86760089374742,1.61646253205845,2.21569440646046,2.1616365059636,1.52250889407888,-4.0423945574392,5.12061907642337,2.26372929187679
,,,,,,,,,,,,,,,
,,,,,,,,,,,,,,,
,,,,,,,,,,,,,,,
Data from database: World Development Indicators,,,,,,,,,,,,,,,
Last Updated: 10/26/2023,,,,,,,,,,,,,,,
